x,Timestamp,UTC,Callsign,Position,Altitude,Speed,Direction
1,1735098545,2024-12-25T03:49:05Z,AHY8243,"40.463684,50.048122",0,3,115
2,1735098556,2024-12-25T03:49:16Z,AHY8243,"40.463764,50.047905",0,3,115
3,1735098569,2024-12-25T03:49:29Z,AHY8243,"40.46386,50.047699",0,3,135
4,1735098589,2024-12-25T03:49:49Z,AHY8243,"40.464066,50.047546",0,2,180
5,1735098702,2024-12-25T03:51:42Z,AHY8243,"40.46381,50.047314",0,11,208
6,1735098710,2024-12-25T03:51:50Z,AHY8243,"40.463448,50.047058",0,13,208
7,1735098717,2024-12-25T03:51:57Z,AHY8243,"40.463093,50.046814",0,11,208
8,1735098721,2024-12-25T03:52:01Z,AHY8243,"40.462879,50.046688",0,10,202
9,1735098727,2024-12-25T03:52:07Z,AHY8243,"40.462669,50.046631",0,9,182
10,1735098732,2024-12-25T03:52:12Z,AHY8243,"40.46244,50.046692",0,9,163
11,1735098738,2024-12-25T03:52:18Z,AHY8243,"40.462193,50.04686",0,11,149
12,1735098743,2024-12-25T03:52:23Z,AHY8243,"40.461937,50.047073",0,13,146
13,1735098748,2024-12-25T03:52:28Z,AHY8243,"40.46167,50.047314",0,14,146
14,1735098753,2024-12-25T03:52:33Z,AHY8243,"40.461403,50.047546",0,15,146
15,1735098756,2024-12-25T03:52:36Z,AHY8243,"40.461193,50.047703",0,15,146
16,1735098760,2024-12-25T03:52:40Z,AHY8243,"40.460964,50.047913",0,13,146
17,1735098768,2024-12-25T03:52:48Z,AHY8243,"40.460632,50.048203",0,9,146
18,1735098775,2024-12-25T03:52:55Z,AHY8243,"40.460377,50.048328",0,9,171
19,1735098781,2024-12-25T03:53:01Z,AHY8243,"40.460094,50.048248",0,11,196
20,1735098785,2024-12-25T03:53:05Z,AHY8243,"40.459877,50.048157",0,13,199
21,1735098790,2024-12-25T03:53:10Z,AHY8243,"40.459602,50.048019",0,14,202
22,1735098794,2024-12-25T03:53:14Z,AHY8243,"40.459351,50.047882",0,15,202
23,1735098797,2024-12-25T03:53:17Z,AHY8243,"40.459122,50.047764",0,15,202
24,1735098800,2024-12-25T03:53:20Z,AHY8243,"40.458916,50.047653",0,16,202
25,1735098803,2024-12-25T03:53:23Z,AHY8243,"40.458702,50.047546",0,16,202
26,1735098810,2024-12-25T03:53:30Z,AHY8243,"40.458176,50.047283",0,15,202
27,1735098818,2024-12-25T03:53:38Z,AHY8243,"40.457748,50.047043",0,10,202
28,1735098824,2024-12-25T03:53:44Z,AHY8243,"40.457489,50.046814",0,11,219
29,1735098830,2024-12-25T03:53:50Z,AHY8243,"40.457329,50.046547",0,11,236
30,1735098834,2024-12-25T03:53:54Z,AHY8243,"40.457233,50.04631",0,12,244
31,1735098838,2024-12-25T03:53:58Z,AHY8243,"40.457153,50.046047",0,12,250
32,1735098843,2024-12-25T03:54:03Z,AHY8243,"40.45705,50.045685",0,12,250
33,1735098846,2024-12-25T03:54:06Z,AHY8243,"40.456982,50.045471",0,13,250
34,1735098849,2024-12-25T03:54:09Z,AHY8243,"40.456909,50.045223",0,15,250
35,1735098853,2024-12-25T03:54:13Z,AHY8243,"40.456802,50.044815",0,18,250
36,1735098855,2024-12-25T03:54:15Z,AHY8243,"40.456734,50.044598",0,19,250
37,1735098858,2024-12-25T03:54:18Z,AHY8243,"40.456638,50.04425",0,19,250
38,1735098866,2024-12-25T03:54:26Z,AHY8243,"40.456444,50.043457",0,14,253
39,1735098869,2024-12-25T03:54:29Z,AHY8243,"40.456398,50.04324",0,13,255
40,1735098872,2024-12-25T03:54:32Z,AHY8243,"40.456352,50.043015",0,12,258
41,1735098876,2024-12-25T03:54:36Z,AHY8243,"40.456306,50.04274",0,11,258
42,1735098880,2024-12-25T03:54:40Z,AHY8243,"40.456272,50.042465",0,10,258
43,1735098885,2024-12-25T03:54:45Z,AHY8243,"40.456245,50.042179",0,9,267
44,1735098889,2024-12-25T03:54:49Z,AHY8243,"40.456261,50.041946",0,9,275
45,1735098894,2024-12-25T03:54:54Z,AHY8243,"40.456306,50.041718",0,8,286
46,1735098900,2024-12-25T03:55:00Z,AHY8243,"40.456409,50.041489",0,7,303
47,1735098907,2024-12-25T03:55:07Z,AHY8243,"40.456596,50.041275",0,8,326
48,1735098913,2024-12-25T03:55:13Z,AHY8243,"40.456863,50.041149",0,13,345
49,1735098917,2024-12-25T03:55:17Z,AHY8243,"40.457336,50.041",0,34,345
50,1735098922,2024-12-25T03:55:22Z,AHY8243,"40.458317,50.040665",0,59,346
51,1735098925,2024-12-25T03:55:25Z,AHY8243,"40.459293,50.040352",0,75,346
52,1735098928,2024-12-25T03:55:28Z,AHY8243,"40.460457,50.040039",0,87,346
53,1735098931,2024-12-25T03:55:31Z,AHY8243,"40.461731,50.039612",0,99,346
54,1735098934,2024-12-25T03:55:34Z,AHY8243,"40.463203,50.039165",0,110,346
55,1735098937,2024-12-25T03:55:37Z,AHY8243,"40.464798,50.038635",0,121,346
56,1735098946,2024-12-25T03:55:46Z,AHY8243,"40.470566,50.036865",0,148,346
57,1735098955,2024-12-25T03:55:55Z,AHY8243,"40.476608,50.03479",125,142,343
58,1735098964,2024-12-25T03:56:04Z,AHY8243,"40.48201,50.032593",625,137,343
59,1735098970,2024-12-25T03:56:10Z,AHY8243,"40.485626,50.031067",950,135,341
60,1735098973,2024-12-25T03:56:13Z,AHY8243,"40.4869,50.030491",1050,137,339
61,1735098976,2024-12-25T03:56:16Z,AHY8243,"40.488342,50.029739",1125,139,339
62,1735098978,2024-12-25T03:56:18Z,AHY8243,"40.490204,50.02887",1225,142,340
63,1735098985,2024-12-25T03:56:25Z,AHY8243,"40.494862,50.026993",1350,154,342
64,1735098993,2024-12-25T03:56:33Z,AHY8243,"40.500916,50.024292",1600,164,342
65,1735099000,2024-12-25T03:56:40Z,AHY8243,"40.505287,50.022873",1775,171,347
66,1735099002,2024-12-25T03:56:42Z,AHY8243,"40.507324,50.022339",1850,174,348
67,1735099004,2024-12-25T03:56:44Z,AHY8243,"40.508926,50.021912",1875,177,348
68,1735099006,2024-12-25T03:56:46Z,AHY8243,"40.511063,50.021378",1950,179,348
69,1735099009,2024-12-25T03:56:49Z,AHY8243,"40.512589,50.020935",1975,183,348
70,1735099011,2024-12-25T03:56:51Z,AHY8243,"40.514282,50.020508",2025,187,348
71,1735099013,2024-12-25T03:56:53Z,AHY8243,"40.516506,50.019939",2100,189,349
72,1735099015,2024-12-25T03:56:55Z,AHY8243,"40.51823,50.019505",2150,191,348
73,1735099017,2024-12-25T03:56:57Z,AHY8243,"40.52,50.019066",2225,192,348
74,1735099019,2024-12-25T03:56:59Z,AHY8243,"40.522247,50.018494",2350,193,348
75,1735099022,2024-12-25T03:57:02Z,AHY8243,"40.523956,50.018005",2425,194,348
76,1735099028,2024-12-25T03:57:08Z,AHY8243,"40.529755,50.016418",2725,197,348
77,1735099036,2024-12-25T03:57:16Z,AHY8243,"40.536255,50.014648",3050,202,347
78,1735099042,2024-12-25T03:57:22Z,AHY8243,"40.542984,50.012756",3300,210,347
79,1735099049,2024-12-25T03:57:29Z,AHY8243,"40.548889,50.011108",3400,222,347
80,1735099057,2024-12-25T03:57:37Z,AHY8243,"40.558311,50.008331",3575,238,347
81,1735099067,2024-12-25T03:57:47Z,AHY8243,"40.568924,50.005207",4025,245,346
82,1735099076,2024-12-25T03:57:56Z,AHY8243,"40.578918,50.002136",4550,249,347
83,1735099083,2024-12-25T03:58:03Z,AHY8243,"40.587524,49.999512",5000,252,347
84,1735099097,2024-12-25T03:58:17Z,AHY8243,"40.602356,49.995117",5800,256,347
85,1735099112,2024-12-25T03:58:32Z,AHY8243,"40.620087,49.991226",6700,262,354
86,1735099118,2024-12-25T03:58:38Z,AHY8243,"40.628231,49.99054",7100,264,357
87,1735099120,2024-12-25T03:58:40Z,AHY8243,"40.630463,49.990479",7200,265,359
88,1735099123,2024-12-25T03:58:43Z,AHY8243,"40.634033,49.990479",7375,266,359
89,1735099125,2024-12-25T03:58:45Z,AHY8243,"40.636505,49.99054",7500,267,1
90,1735099127,2024-12-25T03:58:47Z,AHY8243,"40.639637,49.990665",7625,268,1
91,1735099130,2024-12-25T03:58:50Z,AHY8243,"40.641907,49.990784",7750,268,1
92,1735099132,2024-12-25T03:58:52Z,AHY8243,"40.645084,49.990913",7900,269,1
93,1735099134,2024-12-25T03:58:54Z,AHY8243,"40.648315,49.991028",8050,270,1
94,1735099137,2024-12-25T03:58:57Z,AHY8243,"40.651474,49.991211",8200,271,2
95,1735099150,2024-12-25T03:59:10Z,AHY8243,"40.668549,49.992004",8950,276,2
96,1735099164,2024-12-25T03:59:24Z,AHY8243,"40.685444,49.992786",9650,282,2
97,1735099177,2024-12-25T03:59:37Z,AHY8243,"40.702763,49.993534",10350,287,1
98,1735099190,2024-12-25T03:59:50Z,AHY8243,"40.721054,49.994324",10775,304,1
99,1735099202,2024-12-25T04:00:02Z,AHY8243,"40.738747,49.993347",11000,318,351
100,1735099204,2024-12-25T04:00:04Z,AHY8243,"40.741882,49.992615",11075,319,349
101,1735099207,2024-12-25T04:00:07Z,AHY8243,"40.744766,49.991821",11150,320,347
102,1735099209,2024-12-25T04:00:09Z,AHY8243,"40.748337,49.990601",11250,321,344
103,1735099211,2024-12-25T04:00:11Z,AHY8243,"40.751678,49.989197",11325,322,341
104,1735099213,2024-12-25T04:00:13Z,AHY8243,"40.754425,49.987915",11425,323,339
105,1735099215,2024-12-25T04:00:15Z,AHY8243,"40.757462,49.986233",11525,322,336
106,1735099218,2024-12-25T04:00:18Z,AHY8243,"40.760208,49.984608",11600,323,333
107,1735099220,2024-12-25T04:00:20Z,AHY8243,"40.763672,49.982239",11750,323,331
108,1735099222,2024-12-25T04:00:22Z,AHY8243,"40.766785,49.979919",11875,323,330
109,1735099224,2024-12-25T04:00:24Z,AHY8243,"40.769394,49.977844",12000,323,329
110,1735099227,2024-12-25T04:00:27Z,AHY8243,"40.771912,49.97583",12100,323,328
111,1735099229,2024-12-25T04:00:29Z,AHY8243,"40.774475,49.973816",12225,323,328
112,1735099231,2024-12-25T04:00:31Z,AHY8243,"40.777588,49.971313",12375,323,328
113,1735099233,2024-12-25T04:00:33Z,AHY8243,"40.780319,49.969067",12500,323,328
114,1735099235,2024-12-25T04:00:35Z,AHY8243,"40.783127,49.966797",12625,323,328
115,1735099237,2024-12-25T04:00:37Z,AHY8243,"40.78569,49.964722",12750,323,327
116,1735099239,2024-12-25T04:00:39Z,AHY8243,"40.787952,49.962826",12850,324,327
117,1735099241,2024-12-25T04:00:41Z,AHY8243,"40.791027,49.960266",12975,324,327
118,1735099244,2024-12-25T04:00:44Z,AHY8243,"40.793587,49.958141",13075,325,327
119,1735099275,2024-12-25T04:01:15Z,AHY8243,"40.834274,49.924622",14550,336,328
120,1735099307,2024-12-25T04:01:47Z,AHY8243,"40.877747,49.888733",16150,342,327
121,1735099340,2024-12-25T04:02:20Z,AHY8243,"40.921837,49.852398",17725,346,327
122,1735099370,2024-12-25T04:02:50Z,AHY8243,"40.962898,49.818504",19075,351,328
123,1735099401,2024-12-25T04:03:21Z,AHY8243,"41.007019,49.782104",20475,354,327
124,1735099432,2024-12-25T04:03:52Z,AHY8243,"41.049774,49.746704",21650,362,327
125,1735099464,2024-12-25T04:04:24Z,AHY8243,"41.095047,49.709229",23150,360,327
126,1735099496,2024-12-25T04:04:56Z,AHY8243,"41.140503,49.671448",24200,368,327
127,1735099527,2024-12-25T04:05:27Z,AHY8243,"41.185638,49.633911",25075,377,327
128,1735099559,2024-12-25T04:05:59Z,AHY8243,"41.233692,49.593906",26000,385,327
129,1735099590,2024-12-25T04:06:30Z,AHY8243,"41.280571,49.554768",26950,388,327
130,1735099621,2024-12-25T04:07:01Z,AHY8243,"41.327633,49.515442",27875,392,327
131,1735099653,2024-12-25T04:07:33Z,AHY8243,"41.377213,49.473938",28675,397,327
132,1735099684,2024-12-25T04:08:04Z,AHY8243,"41.425068,49.43375",29350,402,327
133,1735099716,2024-12-25T04:08:36Z,AHY8243,"41.476276,49.390762",30000,410,327
134,1735099748,2024-12-25T04:09:08Z,AHY8243,"41.528961,49.346405",30000,420,327
135,1735099781,2024-12-25T04:09:41Z,AHY8243,"41.582245,49.30146",30000,420,327
136,1735099812,2024-12-25T04:10:12Z,AHY8243,"41.634796,49.257015",30000,420,327
137,1735099845,2024-12-25T04:10:45Z,AHY8243,"41.687164,49.212696",30000,419,327
138,1735099875,2024-12-25T04:11:15Z,AHY8243,"41.737473,49.169937",30000,418,327
139,1735099907,2024-12-25T04:11:47Z,AHY8243,"41.787827,49.127178",30000,417,327
140,1735099937,2024-12-25T04:12:17Z,AHY8243,"41.837814,49.084606",30000,416,327
141,1735099968,2024-12-25T04:12:48Z,AHY8243,"41.888214,49.041626",30000,416,327
142,1735100000,2024-12-25T04:13:20Z,AHY8243,"41.939163,48.998024",30000,414,327
143,1735100031,2024-12-25T04:13:51Z,AHY8243,"41.990112,48.954391",30000,414,327
144,1735100059,2024-12-25T04:14:19Z,AHY8243,"42.03241,48.910946",30000,411,317
145,1735100062,2024-12-25T04:14:22Z,AHY8243,"42.036579,48.90564",30000,411,315
146,1735100064,2024-12-25T04:14:24Z,AHY8243,"42.03886,48.902573",30000,411,315
147,1735100066,2024-12-25T04:14:26Z,AHY8243,"42.042206,48.898026",30000,411,314
148,1735100069,2024-12-25T04:14:29Z,AHY8243,"42.045364,48.893593",30000,410,313
149,1735100071,2024-12-25T04:14:31Z,AHY8243,"42.048019,48.889721",30000,411,312
150,1735100073,2024-12-25T04:14:33Z,AHY8243,"42.050358,48.886223",30000,410,311
151,1735100075,2024-12-25T04:14:35Z,AHY8243,"42.053467,48.88142",30000,409,310
152,1735100077,2024-12-25T04:14:37Z,AHY8243,"42.056129,48.877151",30000,410,310
153,1735100079,2024-12-25T04:14:39Z,AHY8243,"42.059063,48.87249",30000,409,309
154,1735100082,2024-12-25T04:14:42Z,AHY8243,"42.061249,48.868935",30000,410,309
155,1735100084,2024-12-25T04:14:44Z,AHY8243,"42.063721,48.865067",30000,409,309
156,1735100115,2024-12-25T04:15:15Z,AHY8243,"42.10231,48.803059",30000,408,309
157,1735100147,2024-12-25T04:15:47Z,AHY8243,"42.141037,48.740845",30000,408,309
158,1735100178,2024-12-25T04:16:18Z,AHY8243,"42.178421,48.680611",30000,407,309
159,1735100211,2024-12-25T04:16:51Z,AHY8243,"42.217758,48.617123",30000,408,309
160,1735100244,2024-12-25T04:17:24Z,AHY8243,"42.258587,48.55114",30000,408,309
161,1735100276,2024-12-25T04:17:56Z,AHY8243,"42.296944,48.489819",30000,406,310
162,1735100307,2024-12-25T04:18:27Z,AHY8243,"42.334259,48.430607",30000,406,310
163,1735100339,2024-12-25T04:18:59Z,AHY8243,"42.373947,48.367435",30000,405,310
164,1735100372,2024-12-25T04:19:32Z,AHY8243,"42.412533,48.305927",30000,405,310
165,1735100402,2024-12-25T04:20:02Z,AHY8243,"42.449661,48.246521",30000,405,310
166,1735100434,2024-12-25T04:20:34Z,AHY8243,"42.4879,48.185204",30000,403,310
167,1735100465,2024-12-25T04:21:05Z,AHY8243,"42.525097,48.125484",30000,404,309
168,1735100498,2024-12-25T04:21:38Z,AHY8243,"42.564743,48.061691",30000,404,309
169,1735100528,2024-12-25T04:22:08Z,AHY8243,"42.600883,48.003357",30000,403,309
170,1735100561,2024-12-25T04:22:41Z,AHY8243,"42.640732,47.939034",30000,402,309
171,1735100593,2024-12-25T04:23:13Z,AHY8243,"42.678627,47.877586",30000,402,309
172,1735100626,2024-12-25T04:23:46Z,AHY8243,"42.717682,47.814224",30000,402,309
173,1735100658,2024-12-25T04:24:18Z,AHY8243,"42.756683,47.750763",30000,404,309
174,1735100690,2024-12-25T04:24:50Z,AHY8243,"42.79541,47.687592",30000,404,309
175,1735100718,2024-12-25T04:25:18Z,AHY8243,"42.824196,47.630245",30000,401,298
176,1735100720,2024-12-25T04:25:20Z,AHY8243,"42.825871,47.625927",30000,402,298
177,1735101441,2024-12-25T04:37:21Z,AHY8243,"43.182182,44.281181",14075,52,55
178,1735101443,2024-12-25T04:37:23Z,AHY8243,"43.182461,44.281769",14025,52,56
179,1735101446,2024-12-25T04:37:26Z,AHY8243,"43.182693,44.282291",13975,51,59
180,1735101448,2024-12-25T04:37:28Z,AHY8243,"43.182972,44.283012",13925,52,63
181,1735101450,2024-12-25T04:37:30Z,AHY8243,"43.183182,44.283844",13875,52,67
182,1735101452,2024-12-25T04:37:32Z,AHY8243,"43.183365,44.284485",13825,52,71
183,1735101454,2024-12-25T04:37:34Z,AHY8243,"43.183502,44.285122",13775,52,73
184,1735101457,2024-12-25T04:37:37Z,AHY8243,"43.18367,44.285954",13725,52,76
185,1735101459,2024-12-25T04:37:39Z,AHY8243,"43.183731,44.286526",13700,52,81
186,1735101461,2024-12-25T04:37:41Z,AHY8243,"43.183765,44.287262",13650,52,84
187,1735101463,2024-12-25T04:37:43Z,AHY8243,"43.183765,44.287983",13600,53,87
188,1735101465,2024-12-25T04:37:45Z,AHY8243,"43.183765,44.288765",13550,53,91
189,1735101468,2024-12-25T04:37:48Z,AHY8243,"43.183765,44.289421",13500,53,94
190,1735101470,2024-12-25T04:37:50Z,AHY8243,"43.183685,44.290169",13450,52,97
191,1735101473,2024-12-25T04:37:53Z,AHY8243,"43.183502,44.291317",13375,52,103
192,1735101475,2024-12-25T04:37:55Z,AHY8243,"43.183411,44.291828",13350,52,107
193,1735101477,2024-12-25T04:37:57Z,AHY8243,"43.183205,44.29269",13275,53,109
194,1735101480,2024-12-25T04:38:00Z,AHY8243,"43.183018,44.293278",13250,52,113
195,1735101482,2024-12-25T04:38:02Z,AHY8243,"43.182724,44.293747",13200,52,116
196,1735101485,2024-12-25T04:38:05Z,AHY8243,"43.182312,44.294765",13125,52,120
197,1735101488,2024-12-25T04:38:08Z,AHY8243,"43.181904,44.295567",13075,52,127
198,1735101490,2024-12-25T04:38:10Z,AHY8243,"43.18153,44.296223",13000,52,130
199,1735101493,2024-12-25T04:38:13Z,AHY8243,"43.181065,44.29668",12975,52,133
200,1735101495,2024-12-25T04:38:15Z,AHY8243,"43.180691,44.297138",12925,53,137
201,1735101497,2024-12-25T04:38:17Z,AHY8243,"43.180206,44.297707",12875,51,140
202,1735101499,2024-12-25T04:38:19Z,AHY8243,"43.17984,44.298023",12825,53,144
203,1735101503,2024-12-25T04:38:23Z,AHY8243,"43.179203,44.298576",12750,51,149
204,1735101506,2024-12-25T04:38:26Z,AHY8243,"43.178505,44.299099",12675,52,153
205,1735101508,2024-12-25T04:38:28Z,AHY8243,"43.17804,44.299294",12650,52,159
206,1735101510,2024-12-25T04:38:30Z,AHY8243,"43.177643,44.299557",12600,52,159
207,1735101512,2024-12-25T04:38:32Z,AHY8243,"43.177059,44.299751",12550,52,164
208,1735101514,2024-12-25T04:38:34Z,AHY8243,"43.176548,44.29995",12500,52,166
209,1735101517,2024-12-25T04:38:37Z,AHY8243,"43.175896,44.300079",12450,52,171
210,1735101519,2024-12-25T04:38:39Z,AHY8243,"43.175446,44.300133",12400,52,175
211,1735101521,2024-12-25T04:38:41Z,AHY8243,"43.174828,44.300144",12350,53,177
212,1735101523,2024-12-25T04:38:43Z,AHY8243,"43.174313,44.300144",12300,52,182
213,1735101526,2024-12-25T04:38:46Z,AHY8243,"43.173615,44.300209",12250,53,185
214,1735101528,2024-12-25T04:38:48Z,AHY8243,"43.173058,44.300079",12200,52,188
215,1735101530,2024-12-25T04:38:50Z,AHY8243,"43.172546,44.29995",12175,52,193
216,1735101533,2024-12-25T04:38:53Z,AHY8243,"43.172081,44.299816",12125,52,196
217,1735101535,2024-12-25T04:38:55Z,AHY8243,"43.171616,44.299557",12075,53,199
218,1735101537,2024-12-25T04:38:57Z,AHY8243,"43.171009,44.299229",12025,52,203
219,1735101539,2024-12-25T04:38:59Z,AHY8243,"43.170593,44.298985",11975,52,207
220,1735101541,2024-12-25T04:39:01Z,AHY8243,"43.170078,44.298576",11925,52,209
221,1735101545,2024-12-25T04:39:05Z,AHY8243,"43.16954,44.297768",11825,53,215
222,1735101547,2024-12-25T04:39:07Z,AHY8243,"43.169174,44.297321",11750,52,218
223,1735101549,2024-12-25T04:39:09Z,AHY8243,"43.168682,44.296745",11675,52,221
224,1735101552,2024-12-25T04:39:12Z,AHY8243,"43.16835,44.296299",11600,52,226
225,1735101554,2024-12-25T04:39:14Z,AHY8243,"43.167889,44.295567",11500,52,229
226,1735101556,2024-12-25T04:39:16Z,AHY8243,"43.16761,44.295044",11450,53,234
227,1735101559,2024-12-25T04:39:19Z,AHY8243,"43.167332,44.294392",11350,52,237
228,1735101561,2024-12-25T04:39:21Z,AHY8243,"43.167053,44.2938",11300,52,240
229,1735101563,2024-12-25T04:39:23Z,AHY8243,"43.166885,44.293236",11225,52,243
230,1735101565,2024-12-25T04:39:25Z,AHY8243,"43.166634,44.292492",11150,52,247
231,1735101567,2024-12-25T04:39:27Z,AHY8243,"43.166473,44.291828",11075,52,251
232,1735101570,2024-12-25T04:39:30Z,AHY8243,"43.16629,44.291061",11000,53,253
233,1735101572,2024-12-25T04:39:32Z,AHY8243,"43.166168,44.290337",10925,52,256
234,1735101574,2024-12-25T04:39:34Z,AHY8243,"43.166061,44.289658",10850,52,261
235,1735101576,2024-12-25T04:39:36Z,AHY8243,"43.166016,44.288956",10800,52,263
236,1735101578,2024-12-25T04:39:38Z,AHY8243,"43.166016,44.288315",10725,53,266
237,1735101580,2024-12-25T04:39:40Z,AHY8243,"43.166027,44.28759",10650,53,272
238,1735101583,2024-12-25T04:39:43Z,AHY8243,"43.165936,44.286739",10575,52,276
239,1735101585,2024-12-25T04:39:45Z,AHY8243,"43.166214,44.286217",10500,52,278
240,1735101587,2024-12-25T04:39:47Z,AHY8243,"43.166306,44.285561",10425,52,280
241,1735101589,2024-12-25T04:39:49Z,AHY8243,"43.166447,44.284779",10350,52,285
242,1735101591,2024-12-25T04:39:51Z,AHY8243,"43.166611,44.284164",10275,52,288
243,1735101593,2024-12-25T04:39:53Z,AHY8243,"43.166775,44.28347",10200,52,291
244,1735101596,2024-12-25T04:39:56Z,AHY8243,"43.167007,44.282814",10150,53,295
245,1735101598,2024-12-25T04:39:58Z,AHY8243,"43.167286,44.282032",10050,52,298
246,1735101600,2024-12-25T04:40:00Z,AHY8243,"43.167519,44.281506",10000,53,301
247,1735101602,2024-12-25T04:40:02Z,AHY8243,"43.167797,44.280983",9925,52,304
248,1735101604,2024-12-25T04:40:04Z,AHY8243,"43.168171,44.280331",9850,52,308
249,1735101607,2024-12-25T04:40:07Z,AHY8243,"43.168541,44.279743",9775,52,311
250,1735101609,2024-12-25T04:40:09Z,AHY8243,"43.168991,44.279118",9700,52,318
251,1735101612,2024-12-25T04:40:12Z,AHY8243,"43.169449,44.278606",9600,52,319
252,1735101614,2024-12-25T04:40:14Z,AHY8243,"43.1698,44.278236",9550,52,323
253,1735101616,2024-12-25T04:40:16Z,AHY8243,"43.170319,44.277775",9475,52,326
254,1735101618,2024-12-25T04:40:18Z,AHY8243,"43.170731,44.277393",9400,51,329
255,1735101620,2024-12-25T04:40:20Z,AHY8243,"43.171242,44.277191",9325,52,333
256,1735101622,2024-12-25T04:40:22Z,AHY8243,"43.171707,44.276863",9250,52,336
257,1735101625,2024-12-25T04:40:25Z,AHY8243,"43.172195,44.276627",9175,52,339
258,1735101627,2024-12-25T04:40:27Z,AHY8243,"43.172825,44.276405",9100,51,344
259,1735101630,2024-12-25T04:40:30Z,AHY8243,"43.173523,44.27618",9000,52,349
260,1735106878,2024-12-25T06:07:58Z,AHY8243,"43.834007,49.887543",3425,273,17
261,1735106880,2024-12-25T06:08:00Z,AHY8243,"43.83577,49.888214",3450,268,15
262,1735106882,2024-12-25T06:08:02Z,AHY8243,"43.838753,49.889046",3500,266,14
263,1735106884,2024-12-25T06:08:04Z,AHY8243,"43.841084,49.889961",3550,260,13
264,1735106888,2024-12-25T06:08:08Z,AHY8243,"43.844761,49.89127",3650,252,14
265,1735106894,2024-12-25T06:08:14Z,AHY8243,"43.852116,49.894344",3900,238,20
266,1735106898,2024-12-25T06:08:18Z,AHY8243,"43.856167,49.896828",3950,234,28
267,1735106901,2024-12-25T06:08:21Z,AHY8243,"43.859051,49.899315",3950,234,35
268,1735106904,2024-12-25T06:08:24Z,AHY8243,"43.860775,49.901146",3900,235,40
269,1735106906,2024-12-25T06:08:26Z,AHY8243,"43.863052,49.904373",3725,238,47
270,1735106909,2024-12-25T06:08:29Z,AHY8243,"43.864471,49.906738",3575,241,52
271,1735106914,2024-12-25T06:08:34Z,AHY8243,"43.867493,49.91338",3100,256,63
272,1735106916,2024-12-25T06:08:36Z,AHY8243,"43.8685,49.916508",2875,271,70
273,1735106921,2024-12-25T06:08:41Z,AHY8243,"43.870468,49.926857",2250,290,79
274,1735106950,2024-12-25T06:09:10Z,AHY8243,"43.86763,49.975975",3050,225,93
275,1735106956,2024-12-25T06:09:16Z,AHY8243,"43.86771,49.984131",3425,216,82
276,1735106959,2024-12-25T06:09:19Z,AHY8243,"43.868225,49.988239",3525,218,74
277,1735106961,2024-12-25T06:09:21Z,AHY8243,"43.869324,49.992455",3575,220,67
278,1735106963,2024-12-25T06:09:23Z,AHY8243,"43.870239,49.994946",3525,221,60
279,1735106966,2024-12-25T06:09:26Z,AHY8243,"43.871384,49.997375",3425,224,54
280,1735106968,2024-12-25T06:09:28Z,AHY8243,"43.873112,50.000347",3225,229,49
281,1735106971,2024-12-25T06:09:31Z,AHY8243,"43.875252,50.003487",2950,241,44
282,1735106973,2024-12-25T06:09:33Z,AHY8243,"43.87738,50.006187",2700,247,42
283,1735106976,2024-12-25T06:09:36Z,AHY8243,"43.879673,50.00898",2450,258,40
284,1735106979,2024-12-25T06:09:39Z,AHY8243,"43.882748,50.012383",2175,269,38
285,1735106981,2024-12-25T06:09:41Z,AHY8243,"43.884155,50.013916",2100,277,36
286,1735106984,2024-12-25T06:09:44Z,AHY8243,"43.887085,50.016918",1975,281,35
287,1735106986,2024-12-25T06:09:46Z,AHY8243,"43.889191,50.018963",1950,281,34
288,1735106988,2024-12-25T06:09:48Z,AHY8243,"43.891388,50.020943",1950,277,32
289,1735106990,2024-12-25T06:09:50Z,AHY8243,"43.89415,50.023369",2025,269,31
290,1735106992,2024-12-25T06:09:52Z,AHY8243,"43.896713,50.025459",2150,262,30
291,1735106995,2024-12-25T06:09:55Z,AHY8243,"43.899078,50.027332",2275,254,28
292,1735106997,2024-12-25T06:09:57Z,AHY8243,"43.901226,50.028862",2400,245,27
293,1735106999,2024-12-25T06:09:59Z,AHY8243,"43.903381,50.030334",2550,236,26
294,1735107001,2024-12-25T06:10:01Z,AHY8243,"43.904766,50.031281",2650,229,25
295,1735107003,2024-12-25T06:10:03Z,AHY8243,"43.907181,50.032825",2800,220,23
296,1735107006,2024-12-25T06:10:06Z,AHY8243,"43.909981,50.03442",2925,215,22
297,1735107008,2024-12-25T06:10:08Z,AHY8243,"43.911797,50.035465",2975,210,21
298,1735107010,2024-12-25T06:10:10Z,AHY8243,"43.913563,50.036446",3025,207,21
299,1735107012,2024-12-25T06:10:12Z,AHY8243,"43.915707,50.037624",3025,206,21
300,1735107015,2024-12-25T06:10:15Z,AHY8243,"43.917473,50.038605",2975,207,22
301,1735107017,2024-12-25T06:10:17Z,AHY8243,"43.919495,50.039787",2900,209,23
302,1735107019,2024-12-25T06:10:19Z,AHY8243,"43.92128,50.040936",2825,212,25
303,1735107025,2024-12-25T06:10:25Z,AHY8243,"43.92691,50.04509",2400,224,31
304,1735107027,2024-12-25T06:10:27Z,AHY8243,"43.929016,50.047005",2200,231,34
305,1735107030,2024-12-25T06:10:30Z,AHY8243,"43.930973,50.048939",2000,236,37
306,1735107033,2024-12-25T06:10:33Z,AHY8243,"43.933815,50.052338",1675,257,43
307,1735107035,2024-12-25T06:10:35Z,AHY8243,"43.935768,50.055084",1500,263,46
308,1735107037,2024-12-25T06:10:37Z,AHY8243,"43.937576,50.057926",1375,270,49
309,1735107039,2024-12-25T06:10:39Z,AHY8243,"43.939178,50.060673",1275,274,51
310,1735107041,2024-12-25T06:10:41Z,AHY8243,"43.940414,50.062908",1225,276,54
311,1735107044,2024-12-25T06:10:44Z,AHY8243,"43.9422,50.066486",1200,275,56
312,1735107046,2024-12-25T06:10:46Z,AHY8243,"43.943802,50.069935",1225,272,57
313,1735107048,2024-12-25T06:10:48Z,AHY8243,"43.945221,50.0732",1275,267,59
314,1735107050,2024-12-25T06:10:50Z,AHY8243,"43.94643,50.076206",1375,263,61
315,1735107052,2024-12-25T06:10:52Z,AHY8243,"43.947781,50.079739",1525,257,62
316,1735107055,2024-12-25T06:10:55Z,AHY8243,"43.948803,50.082615",1675,245,64
317,1735107057,2024-12-25T06:10:57Z,AHY8243,"43.950108,50.086475",1900,234,65
318,1735107059,2024-12-25T06:10:59Z,AHY8243,"43.950947,50.089153",2075,223,66
319,1735107062,2024-12-25T06:11:02Z,AHY8243,"43.951736,50.09177",2225,214,67
320,1735107064,2024-12-25T06:11:04Z,AHY8243,"43.952621,50.09478",2375,208,68
321,1735107066,2024-12-25T06:11:06Z,AHY8243,"43.953411,50.097721",2500,201,69
322,1735107068,2024-12-25T06:11:08Z,AHY8243,"43.954018,50.100075",2600,196,70
323,1735107070,2024-12-25T06:11:10Z,AHY8243,"43.954624,50.102428",2625,194,70
324,1735107072,2024-12-25T06:11:12Z,AHY8243,"43.955322,50.105309",2650,196,71
325,1735107075,2024-12-25T06:11:15Z,AHY8243,"43.955925,50.107727",2650,201,71
326,1735107077,2024-12-25T06:11:17Z,AHY8243,"43.956482,50.110046",2625,203,72
327,1735107079,2024-12-25T06:11:19Z,AHY8243,"43.95723,50.11335",2600,207,71
328,1735107081,2024-12-25T06:11:21Z,AHY8243,"43.957882,50.115902",2550,212,71
329,1735107084,2024-12-25T06:11:24Z,AHY8243,"43.958767,50.119434",2500,216,70
330,1735107090,2024-12-25T06:11:30Z,AHY8243,"43.961327,50.127998",2375,229,66
331,1735107096,2024-12-25T06:11:36Z,AHY8243,"43.964073,50.136173",2325,234,63
332,1735107099,2024-12-25T06:11:39Z,AHY8243,"43.965134,50.139111",2325,236,63
333,1735107101,2024-12-25T06:11:41Z,AHY8243,"43.966187,50.141792",2325,236,62
334,1735107103,2024-12-25T06:11:43Z,AHY8243,"43.967331,50.144741",2350,236,61
335,1735107105,2024-12-25T06:11:45Z,AHY8243,"43.968704,50.148182",2400,236,60
336,1735107108,2024-12-25T06:11:48Z,AHY8243,"43.96994,50.15102",2450,234,59
337,1735107110,2024-12-25T06:11:50Z,AHY8243,"43.971405,50.154312",2550,232,58
338,1735107112,2024-12-25T06:11:52Z,AHY8243,"43.972549,50.156868",2625,230,57
339,1735107114,2024-12-25T06:11:54Z,AHY8243,"43.97385,50.159519",2725,227,56
340,1735107117,2024-12-25T06:11:57Z,AHY8243,"43.975388,50.162617",2850,224,54
341,1735107119,2024-12-25T06:11:59Z,AHY8243,"43.976624,50.164978",2925,221,54
342,1735107121,2024-12-25T06:12:01Z,AHY8243,"43.978043,50.167664",3050,215,53
343,1735107124,2024-12-25T06:12:04Z,AHY8243,"43.979855,50.170898",3150,208,52
344,1735107126,2024-12-25T06:12:06Z,AHY8243,"43.981251,50.173382",3175,208,51
345,1735107129,2024-12-25T06:12:09Z,AHY8243,"43.982803,50.176029",3150,206,51
346,1735107131,2024-12-25T06:12:11Z,AHY8243,"43.983673,50.177502",3125,208,50
347,1735107133,2024-12-25T06:12:13Z,AHY8243,"43.985321,50.180244",3050,209,49
348,1735107135,2024-12-25T06:12:15Z,AHY8243,"43.986652,50.182407",2950,212,49
349,1735107138,2024-12-25T06:12:18Z,AHY8243,"43.987839,50.184269",2825,218,48
350,1735107140,2024-12-25T06:12:20Z,AHY8243,"43.989677,50.187115",2675,224,48
351,1735107142,2024-12-25T06:12:22Z,AHY8243,"43.991074,50.189209",2550,229,47
352,1735107144,2024-12-25T06:12:24Z,AHY8243,"43.992561,50.191433",2425,239,46
353,1735107146,2024-12-25T06:12:26Z,AHY8243,"43.994427,50.194115",2275,246,45
354,1735107148,2024-12-25T06:12:28Z,AHY8243,"43.996101,50.196339",2200,251,44
355,1735107152,2024-12-25T06:12:32Z,AHY8243,"43.999008,50.200237",2100,255,42
356,1735107154,2024-12-25T06:12:34Z,AHY8243,"44.000748,50.202347",2050,256,41
357,1735107156,2024-12-25T06:12:36Z,AHY8243,"44.002533,50.204517",2050,255,40
358,1735107159,2024-12-25T06:12:39Z,AHY8243,"44.005096,50.20752",2075,252,39
359,1735107161,2024-12-25T06:12:41Z,AHY8243,"44.006836,50.209435",2125,245,37
360,1735107164,2024-12-25T06:12:44Z,AHY8243,"44.010086,50.212822",2200,238,36
361,1735107167,2024-12-25T06:12:47Z,AHY8243,"44.011917,50.214611",2250,231,34
362,1735107169,2024-12-25T06:12:49Z,AHY8243,"44.014118,50.21674",2300,227,33
363,1735107172,2024-12-25T06:12:52Z,AHY8243,"44.017136,50.219398",2325,222,31
364,1735107174,2024-12-25T06:12:54Z,AHY8243,"44.019005,50.220924",2325,219,30
365,1735107176,2024-12-25T06:12:56Z,AHY8243,"44.020935,50.222466",2300,218,29
366,1735107180,2024-12-25T06:13:00Z,AHY8243,"44.023773,50.22451",2225,216,27
367,1735107182,2024-12-25T06:13:02Z,AHY8243,"44.026337,50.226234",2150,216,25
368,1735107184,2024-12-25T06:13:04Z,AHY8243,"44.028214,50.227448",2050,220,24
369,1735107186,2024-12-25T06:13:06Z,AHY8243,"44.029678,50.228405",1975,224,25
370,1735107189,2024-12-25T06:13:09Z,AHY8243,"44.032181,50.23008",1850,229,27
371,1735107196,2024-12-25T06:13:16Z,AHY8243,"44.038372,50.235836",1500,243,39
372,1735107198,2024-12-25T06:13:18Z,AHY8243,"44.040756,50.239136",1325,248,45
373,1735107200,2024-12-25T06:13:20Z,AHY8243,"44.042267,50.241821",1175,256,52
374,1735107204,2024-12-25T06:13:24Z,AHY8243,"44.044052,50.245716",1000,268,62
375,1735107206,2024-12-25T06:13:26Z,AHY8243,"44.045105,50.248844",925,275,68
376,1735107208,2024-12-25T06:13:28Z,AHY8243,"44.046341,50.254337",775,281,75
377,1735107210,2024-12-25T06:13:30Z,AHY8243,"44.046844,50.257915",750,282,79
378,1735107212,2024-12-25T06:13:32Z,AHY8243,"44.047215,50.261864",725,281,82
379,1735107215,2024-12-25T06:13:35Z,AHY8243,"44.047394,50.265007",750,273,87
380,1735107217,2024-12-25T06:13:37Z,AHY8243,"44.047447,50.269512",825,266,90
381,1735107219,2024-12-25T06:13:39Z,AHY8243,"44.047356,50.272915",875,260,93
382,1735107221,2024-12-25T06:13:41Z,AHY8243,"44.047123,50.276836",1000,252,96
383,1735107224,2024-12-25T06:13:44Z,AHY8243,"44.046795,50.280041",1075,245,98
384,1735107226,2024-12-25T06:13:46Z,AHY8243,"44.046425,50.283115",1175,238,100
385,1735107228,2024-12-25T06:13:48Z,AHY8243,"44.045929,50.286404",1275,232,102
386,1735107230,2024-12-25T06:13:50Z,AHY8243,"44.04538,50.289791",1375,226,104
387,1735107232,2024-12-25T06:13:52Z,AHY8243,"44.04483,50.292538",1450,220,106
388,1735107234,2024-12-25T06:13:54Z,AHY8243,"44.044098,50.295921",1500,216,107
389,1735107238,2024-12-25T06:13:58Z,AHY8243,"44.043091,50.299946",1500,213,109
390,1735107240,2024-12-25T06:14:00Z,AHY8243,"44.042515,50.302277",1500,212,110
391,1735107242,2024-12-25T06:14:02Z,AHY8243,"44.04163,50.305416",1450,213,110
392,1735107244,2024-12-25T06:14:04Z,AHY8243,"44.040932,50.308033",1375,217,111
393,1735107246,2024-12-25T06:14:06Z,AHY8243,"44.04007,50.310867",1325,222,112
394,1735107248,2024-12-25T06:14:08Z,AHY8243,"44.039429,50.312977",1275,230,112
395,1735107250,2024-12-25T06:14:10Z,AHY8243,"44.038422,50.316296",1200,233,113
396,1735107252,2024-12-25T06:14:12Z,AHY8243,"44.037552,50.319042",1150,238,113
397,1735107254,2024-12-25T06:14:14Z,AHY8243,"44.036415,50.322746",1100,240,113
398,1735107257,2024-12-25T06:14:17Z,AHY8243,"44.03553,50.325623",1075,242,112
399,1735107259,2024-12-25T06:14:19Z,AHY8243,"44.03476,50.328304",1050,243,112
400,1735107262,2024-12-25T06:14:22Z,AHY8243,"44.033432,50.33284",1075,242,112
401,1735107269,2024-12-25T06:14:29Z,AHY8243,"44.030731,50.342548",1175,231,110
402,1735107276,2024-12-25T06:14:36Z,AHY8243,"44.027988,50.352825",1300,227,109
403,1735107283,2024-12-25T06:14:43Z,AHY8243,"44.025429,50.363029",1350,220,110
404,1735107290,2024-12-25T06:14:50Z,AHY8243,"44.022675,50.372189",1225,222,114
405,1735107292,2024-12-25T06:14:52Z,AHY8243,"44.021759,50.374805",1175,227,116
406,1735107295,2024-12-25T06:14:55Z,AHY8243,"44.020588,50.377743",1100,231,118
407,1735107297,2024-12-25T06:14:57Z,AHY8243,"44.019562,50.380226",1025,235,120
408,1735107301,2024-12-25T06:15:01Z,AHY8243,"44.017143,50.385654",925,236,121
409,1735107303,2024-12-25T06:15:03Z,AHY8243,"44.015701,50.388664",875,247,123
410,1735107305,2024-12-25T06:15:05Z,AHY8243,"44.014526,50.391029",875,248,124
411,1735107308,2024-12-25T06:15:08Z,AHY8243,"44.013046,50.393894",875,249,125
412,1735107310,2024-12-25T06:15:10Z,AHY8243,"44.010952,50.398079",925,248,125
413,1735107312,2024-12-25T06:15:12Z,AHY8243,"44.009491,50.400867",1000,245,125
414,1735107314,2024-12-25T06:15:14Z,AHY8243,"44.008163,50.403419",1050,242,125
415,1735107316,2024-12-25T06:15:16Z,AHY8243,"44.006882,50.40591",1125,238,125
416,1735107319,2024-12-25T06:15:19Z,AHY8243,"44.005646,50.40834",1200,233,125
417,1735107321,2024-12-25T06:15:21Z,AHY8243,"44.004135,50.411343",1300,228,124
418,1735107323,2024-12-25T06:15:23Z,AHY8243,"44.002991,50.413769",1375,225,123
419,1735107332,2024-12-25T06:15:32Z,AHY8243,"43.998055,50.424564",1575,220,121
420,1735107337,2024-12-25T06:15:37Z,AHY8243,"43.995529,50.430569",1650,220,119
421,1735107339,2024-12-25T06:15:39Z,AHY8243,"43.994522,50.43325",1675,220,117
422,1735107341,2024-12-25T06:15:41Z,AHY8243,"43.993401,50.436401",1700,220,116
423,1735107344,2024-12-25T06:15:44Z,AHY8243,"43.992378,50.439541",1700,221,114
424,1735107346,2024-12-25T06:15:46Z,AHY8243,"43.991539,50.442158",1700,222,112
425,1735107348,2024-12-25T06:15:48Z,AHY8243,"43.990795,50.444836",1700,223,110
426,1735107350,2024-12-25T06:15:50Z,AHY8243,"43.990097,50.447651",1675,224,109
427,1735107353,2024-12-25T06:15:53Z,AHY8243,"43.989304,50.450787",1650,224,107
428,1735107355,2024-12-25T06:15:55Z,AHY8243,"43.988525,50.454391",1600,224,107
429,1735107357,2024-12-25T06:15:57Z,AHY8243,"43.988068,50.456627",1575,226,106
430,1735107359,2024-12-25T06:15:59Z,AHY8243,"43.987442,50.459747",1500,230,104
431,1735107361,2024-12-25T06:16:01Z,AHY8243,"43.98679,50.463345",1425,232,104
432,1735107363,2024-12-25T06:16:03Z,AHY8243,"43.986374,50.465889",1400,236,102
433,1735107365,2024-12-25T06:16:05Z,AHY8243,"43.985767,50.469753",1350,238,101
434,1735107367,2024-12-25T06:16:07Z,AHY8243,"43.985348,50.472759",1325,240,100
435,1735107369,2024-12-25T06:16:09Z,AHY8243,"43.985001,50.475662",1300,240,100
436,1735107372,2024-12-25T06:16:12Z,AHY8243,"43.984509,50.479496",1275,241,99
437,1735107374,2024-12-25T06:16:14Z,AHY8243,"43.984184,50.482506",1250,240,98
438,1735107376,2024-12-25T06:16:16Z,AHY8243,"43.98381,50.486012",1250,239,98
439,1735107379,2024-12-25T06:16:19Z,AHY8243,"43.983486,50.489239",1250,239,97
440,1735107381,2024-12-25T06:16:21Z,AHY8243,"43.983124,50.493164",1275,237,97
441,1735107384,2024-12-25T06:16:24Z,AHY8243,"43.982742,50.497021",1275,235,97
442,1735107386,2024-12-25T06:16:26Z,AHY8243,"43.982414,50.500618",1300,233,96
443,1735107388,2024-12-25T06:16:28Z,AHY8243,"43.982162,50.503895",1325,232,96
444,1735107390,2024-12-25T06:16:30Z,AHY8243,"43.981888,50.506962",1350,230,96
445,1735107392,2024-12-25T06:16:32Z,AHY8243,"43.981625,50.510036",1375,229,96
446,1735107394,2024-12-25T06:16:34Z,AHY8243,"43.98143,50.512646",1375,228,96
447,1735107403,2024-12-25T06:16:43Z,AHY8243,"43.980423,50.525356",1400,224,96
448,1735107409,2024-12-25T06:16:49Z,AHY8243,"43.979599,50.533916",1300,224,98
449,1735107414,2024-12-25T06:16:54Z,AHY8243,"43.9785,50.541901",1150,227,101
450,1735107417,2024-12-25T06:16:57Z,AHY8243,"43.977997,50.544773",1075,230,103
451,1735107419,2024-12-25T06:16:59Z,AHY8243,"43.977448,50.547649",1000,234,105
452,1735107421,2024-12-25T06:17:01Z,AHY8243,"43.976643,50.551495",875,238,106
453,1735107423,2024-12-25T06:17:03Z,AHY8243,"43.975891,50.554867",800,243,107
454,1735107426,2024-12-25T06:17:06Z,AHY8243,"43.975204,50.557804",750,246,108
455,1735107428,2024-12-25T06:17:08Z,AHY8243,"43.97422,50.561634",675,250,109
456,1735107430,2024-12-25T06:17:10Z,AHY8243,"43.973602,50.563873",675,252,110
457,1735107432,2024-12-25T06:17:12Z,AHY8243,"43.972546,50.567715",675,252,111
458,1735107434,2024-12-25T06:17:14Z,AHY8243,"43.971817,50.570389",700,250,111
459,1735107436,2024-12-25T06:17:16Z,AHY8243,"43.970684,50.574253",725,247,112
460,1735107439,2024-12-25T06:17:19Z,AHY8243,"43.969711,50.577477",800,244,112
461,1735107441,2024-12-25T06:17:21Z,AHY8243,"43.968887,50.580288",875,239,111
462,1735107443,2024-12-25T06:17:23Z,AHY8243,"43.968029,50.583408",950,235,111
463,1735107445,2024-12-25T06:17:25Z,AHY8243,"43.966961,50.587334",1050,230,110
464,1735107452,2024-12-25T06:17:32Z,AHY8243,"43.964817,50.596031",1225,220,107
465,1735107458,2024-12-25T06:17:38Z,AHY8243,"43.96312,50.603794",1325,217,105
466,1735107461,2024-12-25T06:17:41Z,AHY8243,"43.962303,50.6078",1350,218,104
467,1735107463,2024-12-25T06:17:43Z,AHY8243,"43.961792,50.610615",1350,220,104
468,1735107465,2024-12-25T06:17:45Z,AHY8243,"43.96114,50.614407",1325,223,103
469,1735107467,2024-12-25T06:17:47Z,AHY8243,"43.960739,50.617016",1325,226,102
470,1735107471,2024-12-25T06:17:51Z,AHY8243,"43.959961,50.622189",1325,231,101
471,1735107473,2024-12-25T06:17:53Z,AHY8243,"43.959511,50.625458",1350,231,100
472,1735107475,2024-12-25T06:17:55Z,AHY8243,"43.959187,50.628334",1350,232,99
473,1735107478,2024-12-25T06:17:58Z,AHY8243,"43.958767,50.631866",1375,229,98
474,1735107480,2024-12-25T06:18:00Z,AHY8243,"43.958542,50.633942",1400,228,98
475,1735107482,2024-12-25T06:18:02Z,AHY8243,"43.958115,50.63821",1400,226,97
476,1735107484,2024-12-25T06:18:04Z,AHY8243,"43.957882,50.641087",1400,226,96
477,1735107486,2024-12-25T06:18:06Z,AHY8243,"43.957695,50.643963",1400,226,95
478,1735107490,2024-12-25T06:18:10Z,AHY8243,"43.957352,50.649529",1350,225,95
479,1735107492,2024-12-25T06:18:12Z,AHY8243,"43.957214,50.65234",1325,226,94
480,1735107494,2024-12-25T06:18:14Z,AHY8243,"43.957043,50.656128",1275,227,93
481,1735107497,2024-12-25T06:18:17Z,AHY8243,"43.95694,50.659939",1200,229,92
482,1735107499,2024-12-25T06:18:19Z,AHY8243,"43.956905,50.661556",1175,233,90
483,1735107501,2024-12-25T06:18:21Z,AHY8243,"43.956894,50.665943",1100,237,90
484,1735107503,2024-12-25T06:18:23Z,AHY8243,"43.956894,50.66901",1075,241,89
485,1735107505,2024-12-25T06:18:25Z,AHY8243,"43.956985,50.672138",1050,244,88
486,1735107507,2024-12-25T06:18:27Z,AHY8243,"43.957088,50.676205",1075,245,87
487,1735107510,2024-12-25T06:18:30Z,AHY8243,"43.957306,50.680252",1100,244,86
488,1735107512,2024-12-25T06:18:32Z,AHY8243,"43.957443,50.682743",1150,240,84
489,1735107515,2024-12-25T06:18:35Z,AHY8243,"43.957718,50.687084",1225,237,84
490,1735107517,2024-12-25T06:18:37Z,AHY8243,"43.957947,50.690025",1275,234,83
491,1735107520,2024-12-25T06:18:40Z,AHY8243,"43.958496,50.695324",1400,230,82
492,1735107523,2024-12-25T06:18:43Z,AHY8243,"43.958904,50.699615",1500,225,81
493,1735107525,2024-12-25T06:18:45Z,AHY8243,"43.959232,50.703014",1575,222,82
494,1735107528,2024-12-25T06:18:48Z,AHY8243,"43.959503,50.70612",1625,219,83
495,1735107536,2024-12-25T06:18:56Z,AHY8243,"43.959778,50.717808",1675,219,93
496,1735107538,2024-12-25T06:18:58Z,AHY8243,"43.959549,50.721195",1625,221,95
497,1735107541,2024-12-25T06:19:01Z,AHY8243,"43.959274,50.724003",1550,225,99
498,1735107543,2024-12-25T06:19:03Z,AHY8243,"43.958862,50.726879",1450,227,102
499,1735107546,2024-12-25T06:19:06Z,AHY8243,"43.957928,50.731659",1250,231,106
500,1735107548,2024-12-25T06:19:08Z,AHY8243,"43.957043,50.735126",1050,236,110
501,1735107551,2024-12-25T06:19:11Z,AHY8243,"43.955795,50.739525",750,243,112
502,1735107554,2024-12-25T06:19:14Z,AHY8243,"43.954376,50.743679",500,272,117
503,1735107556,2024-12-25T06:19:16Z,AHY8243,"43.953461,50.746105",375,286,118
504,1735107559,2024-12-25T06:19:19Z,AHY8243,"43.951584,50.750641",250,295,121
505,1735107561,2024-12-25T06:19:21Z,AHY8243,"43.950073,50.753899",225,300,123
506,1735107566,2024-12-25T06:19:26Z,AHY8243,"43.945824,50.762199",550,293,126
507,1735107569,2024-12-25T06:19:29Z,AHY8243,"43.943436,50.766354",925,266,129
508,1735107572,2024-12-25T06:19:32Z,AHY8243,"43.940609,50.770897",1450,239,130
509,1735107575,2024-12-25T06:19:35Z,AHY8243,"43.939213,50.773052",1725,223,132
510,1735107577,2024-12-25T06:19:37Z,AHY8243,"43.938095,50.774754",1925,211,132
511,1735107579,2024-12-25T06:19:39Z,AHY8243,"43.936386,50.77721",2225,201,133
512,1735107581,2024-12-25T06:19:41Z,AHY8243,"43.935196,50.778999",2375,192,133
513,1735107583,2024-12-25T06:19:43Z,AHY8243,"43.934006,50.780788",2525,188,131
514,1735107585,2024-12-25T06:19:45Z,AHY8243,"43.932556,50.783123",2650,186,129
515,1735107587,2024-12-25T06:19:47Z,AHY8243,"43.931488,50.785088",2700,187,127
516,1735107594,2024-12-25T06:19:54Z,AHY8243,"43.928181,50.791561",2700,204,123
517,1735107599,2024-12-25T06:19:59Z,AHY8243,"43.925667,50.797119",2600,219,121
518,1735107601,2024-12-25T06:20:01Z,AHY8243,"43.924549,50.799736",2575,231,119
519,1735107603,2024-12-25T06:20:03Z,AHY8243,"43.923431,50.80257",2550,238,118
520,1735107605,2024-12-25T06:20:05Z,AHY8243,"43.922195,50.805893",2575,242,116
521,1735107607,2024-12-25T06:20:07Z,AHY8243,"43.921337,50.808498",2575,245,113
522,1735107610,2024-12-25T06:20:10Z,AHY8243,"43.920452,50.81131",2625,245,111
523,1735107612,2024-12-25T06:20:12Z,AHY8243,"43.919449,50.815281",2675,245,109
524,1735107614,2024-12-25T06:20:14Z,AHY8243,"43.918762,50.818348",2750,244,106
525,1735107617,2024-12-25T06:20:17Z,AHY8243,"43.917801,50.823647",2875,242,102
526,1735107619,2024-12-25T06:20:19Z,AHY8243,"43.917389,50.826649",2975,240,99
527,1735107621,2024-12-25T06:20:21Z,AHY8243,"43.917114,50.829716",3050,238,96
528,1735107623,2024-12-25T06:20:23Z,AHY8243,"43.916931,50.832718",3175,235,93
529,1735107625,2024-12-25T06:20:25Z,AHY8243,"43.91684,50.83572",3275,233,90
530,1735107627,2024-12-25T06:20:27Z,AHY8243,"43.916885,50.838657",3400,230,87
531,1735107630,2024-12-25T06:20:30Z,AHY8243,"43.917103,50.842503",3525,228,84
532,1735107632,2024-12-25T06:20:32Z,AHY8243,"43.917381,50.845314",3625,224,80
533,1735107634,2024-12-25T06:20:34Z,AHY8243,"43.917801,50.848259",3725,220,78
534,1735107636,2024-12-25T06:20:36Z,AHY8243,"43.918453,50.851921",3825,218,75
535,1735107639,2024-12-25T06:20:39Z,AHY8243,"43.91901,50.854603",3850,216,73
536,1735107641,2024-12-25T06:20:41Z,AHY8243,"43.919678,50.857502",3850,215,71
537,1735107643,2024-12-25T06:20:43Z,AHY8243,"43.920319,50.860119",3800,216,70
538,1735107645,2024-12-25T06:20:45Z,AHY8243,"43.921188,50.863316",3725,217,70
539,1735107647,2024-12-25T06:20:47Z,AHY8243,"43.921875,50.865997",3625,221,70
540,1735107649,2024-12-25T06:20:49Z,AHY8243,"43.922516,50.868614",3500,226,70
541,1735107652,2024-12-25T06:20:52Z,AHY8243,"43.92334,50.872002",3300,236,72
542,1735107654,2024-12-25T06:20:54Z,AHY8243,"43.923981,50.875004",3150,251,74
543,1735107656,2024-12-25T06:20:56Z,AHY8243,"43.924736,50.879189",2950,262,76
544,1735107658,2024-12-25T06:20:58Z,AHY8243,"43.925247,50.882526",2825,270,78
545,1735107665,2024-12-25T06:21:05Z,AHY8243,"43.926178,50.894039",2700,271,87
546,1735107667,2024-12-25T06:21:07Z,AHY8243,"43.926224,50.897488",2725,263,90
547,1735107669,2024-12-25T06:21:09Z,AHY8243,"43.926132,50.900806",2775,256,93
548,1735107671,2024-12-25T06:21:11Z,AHY8243,"43.925858,50.904831",2875,247,96
549,1735107674,2024-12-25T06:21:14Z,AHY8243,"43.925491,50.907707",2975,236,100
550,1735107676,2024-12-25T06:21:16Z,AHY8243,"43.924877,50.91143",3175,229,105
551,1735107678,2024-12-25T06:21:18Z,AHY8243,"43.924129,50.914242",3350,221,110
552,1735107680,2024-12-25T06:21:20Z,AHY8243,"43.923294,50.916904",3575,212,114
553,1735107683,2024-12-25T06:21:23Z,AHY8243,"43.92247,50.919266",3825,194,118
554,1735107685,2024-12-25T06:21:25Z,AHY8243,"43.921234,50.922142",4225,178,122
555,1735107687,2024-12-25T06:21:27Z,AHY8243,"43.920364,50.923931",4500,161,125
556,1735107689,2024-12-25T06:21:29Z,AHY8243,"43.91954,50.925526",4725,149,127
557,1735107691,2024-12-25T06:21:31Z,AHY8243,"43.918671,50.926998",4925,140,129
558,1735107693,2024-12-25T06:21:33Z,AHY8243,"43.917709,50.928593",5075,134,131
559,1735107695,2024-12-25T06:21:35Z,AHY8243,"43.916885,50.929806",5150,130,133
560,1735107698,2024-12-25T06:21:38Z,AHY8243,"43.915878,50.931274",5150,132,134
561,1735107700,2024-12-25T06:21:40Z,AHY8243,"43.914917,50.932552",5100,139,135
562,1735107703,2024-12-25T06:21:43Z,AHY8243,"43.913471,50.934448",4950,147,137
563,1735107705,2024-12-25T06:21:45Z,AHY8243,"43.912308,50.935875",4750,157,137
564,1735107707,2024-12-25T06:21:47Z,AHY8243,"43.91098,50.937599",4475,166,136
565,1735107709,2024-12-25T06:21:49Z,AHY8243,"43.909882,50.939198",4250,180,133
566,1735107712,2024-12-25T06:21:52Z,AHY8243,"43.908691,50.940922",3975,190,130
567,1735107714,2024-12-25T06:21:54Z,AHY8243,"43.907135,50.943604",3600,202,128
568,1735107718,2024-12-25T06:21:58Z,AHY8243,"43.904903,50.947918",3050,229,122
569,1735107721,2024-12-25T06:22:01Z,AHY8243,"43.903427,50.951267",2700,240,120
570,1735107723,2024-12-25T06:22:03Z,AHY8243,"43.90239,50.953804",2475,249,117
571,1735107725,2024-12-25T06:22:05Z,AHY8243,"43.901413,50.956551",2275,255,114
572,1735107727,2024-12-25T06:22:07Z,AHY8243,"43.900112,50.960804",2050,258,111
573,1735107729,2024-12-25T06:22:09Z,AHY8243,"43.899319,50.964073",1925,258,107
574,1735107731,2024-12-25T06:22:11Z,AHY8243,"43.898666,50.967278",1850,256,104
575,1735107733,2024-12-25T06:22:13Z,AHY8243,"43.898163,50.970112",1825,253,102
576,1735107735,2024-12-25T06:22:15Z,AHY8243,"43.897644,50.974079",1825,247,99
577,1735107738,2024-12-25T06:22:18Z,AHY8243,"43.897316,50.97715",1850,241,97
578,1735107740,2024-12-25T06:22:20Z,AHY8243,"43.896992,50.980747",1950,234,97
579,1735107742,2024-12-25T06:22:22Z,AHY8243,"43.896526,50.984344",2100,224,101
580,1735107744,2024-12-25T06:22:24Z,AHY8243,"43.896061,50.987091",2250,214,105
581,1735107746,2024-12-25T06:22:26Z,AHY8243,"43.8955,50.989574",2350,204,110
582,1735107749,2024-12-25T06:22:29Z,AHY8243,"43.894547,50.992596",2500,196,114
583,1735107755,2024-12-25T06:22:35Z,AHY8243,"43.891891,50.998791",2625,182,124
584,1735107757,2024-12-25T06:22:37Z,AHY8243,"43.890747,51.001026",2575,181,125
585,1735107759,2024-12-25T06:22:39Z,AHY8243,"43.889923,51.002625",2550,181,125
586,1735107761,2024-12-25T06:22:41Z,AHY8243,"43.888657,51.005138",2425,184,123
587,1735107764,2024-12-25T06:22:44Z,AHY8243,"43.887726,51.007286",2325,187,119
588,1735107766,2024-12-25T06:22:46Z,AHY8243,"43.886845,51.009651",2175,188,116
589,1735107768,2024-12-25T06:22:48Z,AHY8243,"43.886143,51.011875",2025,192,112
590,1735107770,2024-12-25T06:22:50Z,AHY8243,"43.885494,51.014229",1825,199,110
591,1735107772,2024-12-25T06:22:52Z,AHY8243,"43.884701,51.017303",1575,206,109
592,1735107774,2024-12-25T06:22:54Z,AHY8243,"43.884048,51.019722",1400,215,110
593,1735107777,2024-12-25T06:22:57Z,AHY8243,"43.883213,51.022339",1250,221,115
594,1735107781,2024-12-25T06:23:01Z,AHY8243,"43.880447,51.028366",975,226,126
595,1735107786,2024-12-25T06:23:06Z,AHY8243,"43.87772,51.033978",975,220,118
596,1735107788,2024-12-25T06:23:08Z,AHY8243,"43.876972,51.0364",1000,212,110
597,1735107790,2024-12-25T06:23:10Z,AHY8243,"43.876415,51.038948",1025,203,102
598,1735107792,2024-12-25T06:23:12Z,AHY8243,"43.876144,51.04229",1025,197,92
599,1735107794,2024-12-25T06:23:14Z,AHY8243,"43.87619,51.044781",975,194,85
600,1735107797,2024-12-25T06:23:17Z,AHY8243,"43.876369,51.046993",925,193,81
601,1735107799,2024-12-25T06:23:19Z,AHY8243,"43.87674,51.04987",900,191,79
602,1735107801,2024-12-25T06:23:21Z,AHY8243,"43.877113,51.052814",875,188,80
603,1735107803,2024-12-25T06:23:23Z,AHY8243,"43.877346,51.055233",900,182,84
604,1735107806,2024-12-25T06:23:26Z,AHY8243,"43.877472,51.058128",925,179,86
605,1735107808,2024-12-25T06:23:28Z,AHY8243,"43.877533,51.060204",925,176,87
606,1735107810,2024-12-25T06:23:30Z,AHY8243,"43.877655,51.063049",950,171,86
607,1735107812,2024-12-25T06:23:32Z,AHY8243,"43.877792,51.065155",950,165,81
608,1735107815,2024-12-25T06:23:35Z,AHY8243,"43.878113,51.067646",925,163,76
609,1735107817,2024-12-25T06:23:37Z,AHY8243,"43.87851,51.069489",900,162,70
610,1735107819,2024-12-25T06:23:39Z,AHY8243,"43.879028,51.071224",850,161,64
611,1735107821,2024-12-25T06:23:41Z,AHY8243,"43.880138,51.073936",700,166,57
612,1735107824,2024-12-25T06:23:44Z,AHY8243,"43.881271,51.076206",575,170,54
613,1735107826,2024-12-25T06:23:46Z,AHY8243,"43.882278,51.07793",500,175,49
614,1735107828,2024-12-25T06:23:48Z,AHY8243,"43.883606,51.07991",450,176,46
615,1735107830,2024-12-25T06:23:50Z,AHY8243,"43.884933,51.081654",450,177,41
616,1735107832,2024-12-25T06:23:52Z,AHY8243,"43.886238,51.083027",525,171,37
617,1735107834,2024-12-25T06:23:54Z,AHY8243,"43.887215,51.084007",600,162,31
618,1735107837,2024-12-25T06:23:57Z,AHY8243,"43.88887,51.085278",750,153,25
619,1735107839,2024-12-25T06:23:59Z,AHY8243,"43.890335,51.086033",900,146,17
620,1735107841,2024-12-25T06:24:01Z,AHY8243,"43.891937,51.086491",1050,138,10
621,1735107843,2024-12-25T06:24:03Z,AHY8243,"43.893269,51.086689",1150,130,2
622,1735107845,2024-12-25T06:24:05Z,AHY8243,"43.894245,51.08662",1200,126,356
623,1735107847,2024-12-25T06:24:07Z,AHY8243,"43.895641,51.086361",1225,125,349
624,1735107850,2024-12-25T06:24:10Z,AHY8243,"43.896652,51.085979",1200,126,343
625,1735107852,2024-12-25T06:24:12Z,AHY8243,"43.897877,51.085445",1125,130,341
626,1735107855,2024-12-25T06:24:15Z,AHY8243,"43.899902,51.084511",950,141,343
627,1735107857,2024-12-25T06:24:17Z,AHY8243,"43.901184,51.084",825,151,346
628,1735107859,2024-12-25T06:24:19Z,AHY8243,"43.902969,51.083553",675,160,349
629,1735107861,2024-12-25T06:24:21Z,AHY8243,"43.904301,51.083221",575,170,351
630,1735107864,2024-12-25T06:24:24Z,AHY8243,"43.906357,51.082848",500,174,353
631,1735107866,2024-12-25T06:24:26Z,AHY8243,"43.907959,51.082592",500,174,353
632,1735107868,2024-12-25T06:24:28Z,AHY8243,"43.909561,51.082275",525,170,350
633,1735107870,2024-12-25T06:24:30Z,AHY8243,"43.910751,51.081955",575,164,345
634,1735107872,2024-12-25T06:24:32Z,AHY8243,"43.912491,51.081253",650,159,342
635,1735107874,2024-12-25T06:24:34Z,AHY8243,"43.913864,51.080551",725,152,337
636,1735107876,2024-12-25T06:24:36Z,AHY8243,"43.915375,51.079655",800,148,334
637,1735107879,2024-12-25T06:24:39Z,AHY8243,"43.916683,51.078644",850,142,328
638,1735107881,2024-12-25T06:24:41Z,AHY8243,"43.918076,51.077354",850,141,324
639,1735107883,2024-12-25T06:24:43Z,AHY8243,"43.919197,51.076092",850,142,318
640,1735107885,2024-12-25T06:24:45Z,AHY8243,"43.920227,51.074608",775,147,310
641,1735107887,2024-12-25T06:24:47Z,AHY8243,"43.921051,51.073013",675,163,299
642,1735107890,2024-12-25T06:24:50Z,AHY8243,"43.921692,51.070969",525,179,288
643,1735107892,2024-12-25T06:24:52Z,AHY8243,"43.922195,51.068157",300,193,280
644,1735107894,2024-12-25T06:24:54Z,AHY8243,"43.922333,51.065601",150,213,270
645,1735107896,2024-12-25T06:24:56Z,AHY8243,"43.922195,51.062218",0,230,260
646,1735107899,2024-12-25T06:24:59Z,AHY8243,"43.9216,51.058769",0,239,249
647,1735107902,2024-12-25T06:25:02Z,AHY8243,"43.920181,51.054234",0,239,242
648,1735107904,2024-12-25T06:25:04Z,AHY8243,"43.918991,51.051678",0,227,235
649,1735107906,2024-12-25T06:25:06Z,AHY8243,"43.917381,51.048954",125,214,229
650,1735107909,2024-12-25T06:25:09Z,AHY8243,"43.915844,51.046795",300,196,224
651,1735107911,2024-12-25T06:25:11Z,AHY8243,"43.914776,51.04549",400,182,219
652,1735107913,2024-12-25T06:25:13Z,AHY8243,"43.913471,51.044117",500,173,216
653,1735107915,2024-12-25T06:25:15Z,AHY8243,"43.911804,51.042545",575,166,211
654,1735107917,2024-12-25T06:25:17Z,AHY8243,"43.910477,51.041458",600,162,208
655,1735107919,2024-12-25T06:25:19Z,AHY8243,"43.909149,51.040565",575,161,205
656,1735107921,2024-12-25T06:25:21Z,AHY8243,"43.907455,51.039608",475,164,200
657,1735107924,2024-12-25T06:25:24Z,AHY8243,"43.905945,51.038967",350,177,191
658,1735107926,2024-12-25T06:25:26Z,AHY8243,"43.904617,51.038712",225,196,181
659,1735107929,2024-12-25T06:25:29Z,AHY8243,"43.901184,51.038776",0,209,175
660,1735107931,2024-12-25T06:25:31Z,AHY8243,"43.89946,51.039146",0,218,169
661,1735107934,2024-12-25T06:25:34Z,AHY8243,"43.896149,51.040245",0,219,164
662,1735107936,2024-12-25T06:25:36Z,AHY8243,"43.893639,51.041302",25,206,163
663,1735107939,2024-12-25T06:25:39Z,AHY8243,"43.892242,51.041893",175,193,163
664,1735107941,2024-12-25T06:25:41Z,AHY8243,"43.889824,51.042809",475,177,164
665,1735107943,2024-12-25T06:25:43Z,AHY8243,"43.8881,51.043396",725,160,167
666,1735107945,2024-12-25T06:25:45Z,AHY8243,"43.886581,51.043823",950,147,168
667,1735107948,2024-12-25T06:25:48Z,AHY8243,"43.8853,51.04414",1150,136,168
668,1735107950,2024-12-25T06:25:50Z,AHY8243,"43.88377,51.04464",1375,126,166
669,1735107952,2024-12-25T06:25:52Z,AHY8243,"43.882698,51.045033",1475,117,165
670,1735107954,2024-12-25T06:25:54Z,AHY8243,"43.881676,51.045422",1525,114,164
671,1735107956,2024-12-25T06:25:56Z,AHY8243,"43.880699,51.045815",1525,111,164
672,1735107958,2024-12-25T06:25:58Z,AHY8243,"43.879906,51.046078",1475,113,164
673,1735107965,2024-12-25T06:26:05Z,AHY8243,"43.875275,51.047718",750,172,166
674,1735107967,2024-12-25T06:26:07Z,AHY8243,"43.873123,51.048294",475,203,169
675,1735107970,2024-12-25T06:26:10Z,AHY8243,"43.870644,51.048824",275,220,171
676,1735107972,2024-12-25T06:26:12Z,AHY8243,"43.8685,51.049084",175,235,175
677,1735107974,2024-12-25T06:26:14Z,AHY8243,"43.865849,51.049217",175,236,180
678,1735107977,2024-12-25T06:26:17Z,AHY8243,"43.863831,51.049187",225,230,183
679,1735107979,2024-12-25T06:26:19Z,AHY8243,"43.861145,51.048759",400,218,187
680,1735107981,2024-12-25T06:26:21Z,AHY8243,"43.859161,51.048294",575,202,190
681,1735107983,2024-12-25T06:26:23Z,AHY8243,"43.857422,51.047718",725,184,195
682,1735107986,2024-12-25T06:26:26Z,AHY8243,"43.855095,51.046665",950,169,200
683,1735107989,2024-12-25T06:26:29Z,AHY8243,"43.853325,51.045685",1100,160,205
684,1735107991,2024-12-25T06:26:31Z,AHY8243,"43.851746,51.04446",1200,155,210
685,1735107993,2024-12-25T06:26:33Z,AHY8243,"43.850555,51.043373",1225,154,216
686,1735107995,2024-12-25T06:26:35Z,AHY8243,"43.849323,51.041958",1200,157,222
687,1735107997,2024-12-25T06:26:37Z,AHY8243,"43.848404,51.040627",1150,162,228
688,1735107999,2024-12-25T06:26:39Z,AHY8243,"43.847458,51.039082",1050,171,233
689,1735108001,2024-12-25T06:26:41Z,AHY8243,"43.846249,51.03653",925,181,238
690,1735108004,2024-12-25T06:26:44Z,AHY8243,"43.845474,51.034496",825,193,243
691,1735108006,2024-12-25T06:26:46Z,AHY8243,"43.844574,51.031624",725,201,248
692,1735108008,2024-12-25T06:26:48Z,AHY8243,"43.843922,51.02914",675,205,252
693,1735108010,2024-12-25T06:26:50Z,AHY8243,"43.843323,51.026321",650,205,254
694,1735108013,2024-12-25T06:26:53Z,AHY8243,"43.842804,51.023125",675,200,259
695,1735108015,2024-12-25T06:26:55Z,AHY8243,"43.84259,51.020382",700,194,264
696,1735108017,2024-12-25T06:26:57Z,AHY8243,"43.84259,51.018398",700,189,272
697,1735108019,2024-12-25T06:26:59Z,AHY8243,"43.842819,51.015526",700,186,280
698,1735108021,2024-12-25T06:27:01Z,AHY8243,"43.843414,51.01265",650,191,288
699,1735108023,2024-12-25T06:27:03Z,AHY8243,"43.844246,51.010242",650,194,296
700,1735108026,2024-12-25T06:27:06Z,AHY8243,"43.845154,51.008244",625,193,305
701,1735108028,2024-12-25T06:27:08Z,AHY8243,"43.84639,51.006073",650,191,311
702,1735108030,2024-12-25T06:27:10Z,AHY8243,"43.847786,51.004158",675,187,318
703,1735108033,2024-12-25T06:27:13Z,AHY8243,"43.849461,51.002392",725,182,326
704,1735108035,2024-12-25T06:27:15Z,AHY8243,"43.851608,51.000835",825,174,334
705,1735108039,2024-12-25T06:27:19Z,AHY8243,"43.853745,50.999714",925,162,344
706,1735108041,2024-12-25T06:27:21Z,AHY8243,"43.855232,50.999256",975,159,350
707,1735108043,2024-12-25T06:27:23Z,AHY8243,"43.856827,50.998917",1050,155,354
708,1735108045,2024-12-25T06:27:25Z,AHY8243,"43.858631,50.99873",1100,153,355
709,1735108047,2024-12-25T06:27:27Z,AHY8243,"43.859894,50.9986",1125,151,356
710,1735108049,2024-12-25T06:27:29Z,AHY8243,"43.861313,50.99847",1175,149,355
711,1735108052,2024-12-25T06:27:32Z,AHY8243,"43.862915,50.99828",1200,146,353
712,1735108054,2024-12-25T06:27:34Z,AHY8243,"43.864517,50.997959",1225,145,352
713,1735108057,2024-12-25T06:27:37Z,AHY8243,"43.866547,50.99762",1200,144,353
714,1735108059,2024-12-25T06:27:39Z,AHY8243,"43.86813,50.997425",1175,144,355
715,1735108061,2024-12-25T06:27:41Z,AHY8243,"43.86948,50.997356",1125,145,358
716,1735108064,2024-12-25T06:27:44Z,AHY8243,"43.871246,50.997322",1025,147,358
717,1735108066,2024-12-25T06:27:46Z,AHY8243,"43.871899,50.997356",975,149,2
718,1735108068,2024-12-25T06:27:48Z,AHY8243,"43.873764,50.997513",850,152,4
719,1735108070,2024-12-25T06:27:50Z,AHY8243,"43.875504,50.997704",700,155,5
720,1735108072,2024-12-25T06:27:52Z,AHY8243,"43.876877,50.998024",575,161,11
721,1735108074,2024-12-25T06:27:54Z,AHY8243,"43.878788,50.99873",425,167,18
722,1735108076,2024-12-25T06:27:56Z,AHY8243,"43.880356,50.999813",275,172,30
723,1735108079,2024-12-25T06:27:59Z,AHY8243,"43.881535,51.001217",100,186,47
724,1735108081,2024-12-25T06:28:01Z,AHY8243,"43.882607,51.003178",0,199,59
725,1735108083,2024-12-25T06:28:03Z,AHY8243,"43.883469,51.005688",0,211,70
